RUT,RAZON_SOCIAL,NOMBRE,GIRO_COMERCIAL,CREADO,MODIFICADO
111111,HERMANOS FAUNDEZ,IMPACTA,INGENIERIA,10/08/07,10/08/07
333333,HERMANOS DIAZ,PATZ,CONSTRUCCION,10/08/08,10/08/08
555555,JUAN Y ASOCIADOS,COMPRA ACA,DISTRIBUCION,10/08/09,10/08/09
777777,COOP INVENTA,INVENTA,INGENIERIA,10/08/10,10/08/10
999999,LOS MATEMATICOS,GERMINATOR,SANITARIO,10/08/11,10/08/11
1222221,HERMANOS FAUNDEZ,IMPACTA,INGENIERIA,10/08/12,10/08/12
1444443,HERMANOS DIAZ,PATZ,CONSTRUCCION,10/08/13,10/08/13
1666665,JUAN Y ASOCIADOS,COMPRA ACA,DISTRIBUCION,10/08/14,10/08/14
1888887,COOP INVENTA,INVENTA,INGENIERIA,10/08/15,10/08/15
2111109,LOS MATEMATICOS,GERMINATOR,SANITARIO,10/08/16,10/08/16
2333331,HERMANOS FAUNDEZ,IMPACTA,INGENIERIA,10/08/17,10/08/17
2555553,HERMANOS DIAZ,PATZ,CONSTRUCCION,10/08/18,10/08/18
2777775,JUAN Y ASOCIADOS,COMPRA ACA,DISTRIBUCION,10/08/19,10/08/19
2999997,COOP INVENTA,INVENTA,INGENIERIA,10/08/20,10/08/20
3222219,LOS MATEMATICOS,GERMINATOR,SANITARIO,10/08/21,10/08/21
3444441,HERMANOS FAUNDEZ,IMPACTA,INGENIERIA,10/08/22,10/08/22
3666663,HERMANOS DIAZ,PATZ,CONSTRUCCION,10/08/23,10/08/23
3888885,JUAN Y ASOCIADOS,COMPRA ACA,DISTRIBUCION,10/08/24,10/08/24
4111107,COOP INVENTA,INVENTA,INGENIERIA,10/08/25,10/08/25
4333329,LOS MATEMATICOS,GERMINATOR,SANITARIO,10/08/26,10/08/26
4555551,HERMANOS FAUNDEZ,IMPACTA,INGENIERIA,10/08/27,10/08/27
4777773,HERMANOS DIAZ,PATZ,CONSTRUCCION,10/08/28,10/08/28
4999995,JUAN Y ASOCIADOS,COMPRA ACA,DISTRIBUCION,10/08/29,10/08/29
5222217,COOP INVENTA,INVENTA,INGENIERIA,10/08/30,10/08/30
5444439,LOS MATEMATICOS,GERMINATOR,SANITARIO,10/08/31,10/08/31
5666661,HERMANOS FAUNDEZ,IMPACTA,INGENIERIA,10/08/32,10/08/32
5888883,HERMANOS DIAZ,PATZ,CONSTRUCCION,10/08/33,10/08/33
6111105,JUAN Y ASOCIADOS,COMPRA ACA,DISTRIBUCION,10/08/34,10/08/34
6333327,COOP INVENTA,INVENTA,INGENIERIA,10/08/35,10/08/35
6555549,LOS MATEMATICOS,GERMINATOR,SANITARIO,10/08/36,10/08/36
6777771,HERMANOS FAUNDEZ,IMPACTA,INGENIERIA,10/08/37,10/08/37
6999993,HERMANOS DIAZ,PATZ,CONSTRUCCION,10/08/38,10/08/38
7222215,JUAN Y ASOCIADOS,COMPRA ACA,DISTRIBUCION,10/08/39,10/08/39
7444437,COOP INVENTA,INVENTA,INGENIERIA,10/08/40,10/08/40
7666659,LOS MATEMATICOS,GERMINATOR,SANITARIO,10/08/41,10/08/41
7888881,HERMANOS FAUNDEZ,IMPACTA,INGENIERIA,10/08/42,10/08/42
8111103,HERMANOS DIAZ,PATZ,CONSTRUCCION,10/08/43,10/08/43
8333325,JUAN Y ASOCIADOS,COMPRA ACA,DISTRIBUCION,10/08/44,10/08/44
8555547,COOP INVENTA,INVENTA,INGENIERIA,10/08/45,10/08/45
8777769,LOS MATEMATICOS,GERMINATOR,SANITARIO,10/08/46,10/08/46
8999991,HERMANOS FAUNDEZ,IMPACTA,INGENIERIA,10/08/47,10/08/47
9222213,HERMANOS DIAZ,PATZ,CONSTRUCCION,10/08/48,10/08/48
9444435,JUAN Y ASOCIADOS,COMPRA ACA,DISTRIBUCION,10/08/49,10/08/49
9666657,COOP INVENTA,INVENTA,INGENIERIA,10/08/50,10/08/50
9888879,LOS MATEMATICOS,GERMINATOR,SANITARIO,10/08/51,10/08/51
10111101,HERMANOS FAUNDEZ,IMPACTA,INGENIERIA,10/08/52,10/08/52
10333323,HERMANOS DIAZ,PATZ,CONSTRUCCION,10/08/53,10/08/53
10555545,JUAN Y ASOCIADOS,COMPRA ACA,DISTRIBUCION,10/08/54,10/08/54
10777767,COOP INVENTA,INVENTA,INGENIERIA,10/08/55,10/08/55
10999989,LOS MATEMATICOS,GERMINATOR,SANITARIO,10/08/56,10/08/56
11222211,HERMANOS FAUNDEZ,IMPACTA,INGENIERIA,10/08/57,10/08/57
11444433,HERMANOS DIAZ,PATZ,CONSTRUCCION,10/08/58,10/08/58
11666655,JUAN Y ASOCIADOS,COMPRA ACA,DISTRIBUCION,10/08/59,10/08/59
11888877,COOP INVENTA,INVENTA,INGENIERIA,10/08/60,10/08/60
12111099,LOS MATEMATICOS,GERMINATOR,SANITARIO,10/08/61,10/08/61
12333321,HERMANOS FAUNDEZ,IMPACTA,INGENIERIA,10/08/62,10/08/62
12555543,HERMANOS DIAZ,PATZ,CONSTRUCCION,10/08/63,10/08/63
12777765,JUAN Y ASOCIADOS,COMPRA ACA,DISTRIBUCION,10/08/64,10/08/64
12999987,COOP INVENTA,INVENTA,INGENIERIA,10/08/65,10/08/65
13222209,LOS MATEMATICOS,GERMINATOR,SANITARIO,10/08/66,10/08/66
13444431,HERMANOS FAUNDEZ,IMPACTA,INGENIERIA,10/08/67,10/08/67
13666653,HERMANOS DIAZ,PATZ,CONSTRUCCION,10/08/68,10/08/68
13888875,JUAN Y ASOCIADOS,COMPRA ACA,DISTRIBUCION,10/08/69,10/08/69
14111097,COOP INVENTA,INVENTA,INGENIERIA,10/08/70,10/08/70
14333319,LOS MATEMATICOS,GERMINATOR,SANITARIO,10/08/71,10/08/71
14555541,HERMANOS FAUNDEZ,IMPACTA,INGENIERIA,10/08/72,10/08/72
14777763,HERMANOS DIAZ,PATZ,CONSTRUCCION,10/08/73,10/08/73
14999985,JUAN Y ASOCIADOS,COMPRA ACA,DISTRIBUCION,10/08/74,10/08/74
15222207,COOP INVENTA,INVENTA,INGENIERIA,10/08/75,10/08/75
15444429,LOS MATEMATICOS,GERMINATOR,SANITARIO,10/08/76,10/08/76
15666651,HERMANOS FAUNDEZ,IMPACTA,INGENIERIA,10/08/77,10/08/77
15888873,HERMANOS DIAZ,PATZ,CONSTRUCCION,10/08/78,10/08/78
16111095,JUAN Y ASOCIADOS,COMPRA ACA,DISTRIBUCION,10/08/79,10/08/79
16333317,COOP INVENTA,INVENTA,INGENIERIA,10/08/80,10/08/80
16555539,LOS MATEMATICOS,GERMINATOR,SANITARIO,10/08/81,10/08/81
16777761,HERMANOS FAUNDEZ,IMPACTA,INGENIERIA,10/08/82,10/08/82
16999983,HERMANOS DIAZ,PATZ,CONSTRUCCION,10/08/83,10/08/83
17222205,JUAN Y ASOCIADOS,COMPRA ACA,DISTRIBUCION,10/08/84,10/08/84
17444427,COOP INVENTA,INVENTA,INGENIERIA,10/08/85,10/08/85
17666649,LOS MATEMATICOS,GERMINATOR,SANITARIO,10/08/86,10/08/86
17888871,HERMANOS FAUNDEZ,IMPACTA,INGENIERIA,10/08/87,10/08/87
18111093,HERMANOS DIAZ,PATZ,CONSTRUCCION,10/08/88,10/08/88
18333315,JUAN Y ASOCIADOS,COMPRA ACA,DISTRIBUCION,10/08/89,10/08/89
18555537,COOP INVENTA,INVENTA,INGENIERIA,10/08/90,10/08/90
18777759,LOS MATEMATICOS,GERMINATOR,SANITARIO,10/08/91,10/08/91
18999981,HERMANOS FAUNDEZ,IMPACTA,INGENIERIA,10/08/92,10/08/92
19222203,HERMANOS DIAZ,PATZ,CONSTRUCCION,10/08/93,10/08/93
19444425,JUAN Y ASOCIADOS,COMPRA ACA,DISTRIBUCION,10/08/94,10/08/94
19666647,COOP INVENTA,INVENTA,INGENIERIA,10/08/95,10/08/95
19888869,LOS MATEMATICOS,GERMINATOR,SANITARIO,10/08/96,10/08/96
20111091,HERMANOS FAUNDEZ,IMPACTA,INGENIERIA,10/08/97,10/08/97
20333313,HERMANOS DIAZ,PATZ,CONSTRUCCION,10/08/98,10/08/98
20555535,JUAN Y ASOCIADOS,COMPRA ACA,DISTRIBUCION,10/08/99,10/08/99
20777757,COOP INVENTA,INVENTA,INGENIERIA,10/08/07,10/08/07
20999979,LOS MATEMATICOS,GERMINATOR,SANITARIO,10/08/08,10/08/08
21222201,HERMANOS FAUNDEZ,IMPACTA,INGENIERIA,10/08/09,10/08/09
21444423,HERMANOS DIAZ,PATZ,CONSTRUCCION,10/08/10,10/08/10
21666645,JUAN Y ASOCIADOS,COMPRA ACA,DISTRIBUCION,10/08/11,10/08/11
21888867,COOP INVENTA,INVENTA,INGENIERIA,10/08/12,10/08/12
22111089,LOS MATEMATICOS,GERMINATOR,SANITARIO,10/08/13,10/08/13
22333311,HERMANOS FAUNDEZ,IMPACTA,INGENIERIA,10/08/14,10/08/14
22555533,HERMANOS DIAZ,PATZ,CONSTRUCCION,10/08/15,10/08/15
22777755,JUAN Y ASOCIADOS,COMPRA ACA,DISTRIBUCION,10/08/16,10/08/16
22999977,COOP INVENTA,INVENTA,INGENIERIA,10/08/17,10/08/17
23222199,LOS MATEMATICOS,GERMINATOR,SANITARIO,10/08/18,10/08/18
23444421,HERMANOS FAUNDEZ,IMPACTA,INGENIERIA,10/08/19,10/08/19
23666643,HERMANOS DIAZ,PATZ,CONSTRUCCION,10/08/20,10/08/20
23888865,JUAN Y ASOCIADOS,COMPRA ACA,DISTRIBUCION,10/08/21,10/08/21
24111087,COOP INVENTA,INVENTA,INGENIERIA,10/08/22,10/08/22
24333309,LOS MATEMATICOS,GERMINATOR,SANITARIO,10/08/23,10/08/23
24555531,HERMANOS FAUNDEZ,IMPACTA,INGENIERIA,10/08/24,10/08/24
24777753,HERMANOS DIAZ,PATZ,CONSTRUCCION,10/08/25,10/08/25
24999975,JUAN Y ASOCIADOS,COMPRA ACA,DISTRIBUCION,10/08/26,10/08/26
25222197,COOP INVENTA,INVENTA,INGENIERIA,10/08/27,10/08/27
25444419,LOS MATEMATICOS,GERMINATOR,SANITARIO,10/08/28,10/08/28
25666641,HERMANOS FAUNDEZ,IMPACTA,INGENIERIA,10/08/29,10/08/29
25888863,HERMANOS DIAZ,PATZ,CONSTRUCCION,10/08/30,10/08/30
26111085,JUAN Y ASOCIADOS,COMPRA ACA,DISTRIBUCION,10/08/31,10/08/31
26333307,COOP INVENTA,INVENTA,INGENIERIA,10/08/32,10/08/32
26555529,LOS MATEMATICOS,GERMINATOR,SANITARIO,10/08/33,10/08/33
26777751,HERMANOS FAUNDEZ,IMPACTA,INGENIERIA,10/08/34,10/08/34
26999973,HERMANOS DIAZ,PATZ,CONSTRUCCION,10/08/35,10/08/35
27222195,JUAN Y ASOCIADOS,COMPRA ACA,DISTRIBUCION,10/08/36,10/08/36
27444417,COOP INVENTA,INVENTA,INGENIERIA,10/08/37,10/08/37
27666639,LOS MATEMATICOS,GERMINATOR,SANITARIO,10/08/38,10/08/38
27888861,HERMANOS FAUNDEZ,IMPACTA,INGENIERIA,10/08/39,10/08/39
28111083,HERMANOS DIAZ,PATZ,CONSTRUCCION,10/08/40,10/08/40
28333305,JUAN Y ASOCIADOS,COMPRA ACA,DISTRIBUCION,10/08/41,10/08/41
28555527,COOP INVENTA,INVENTA,INGENIERIA,10/08/42,10/08/42
28777749,LOS MATEMATICOS,GERMINATOR,SANITARIO,10/08/43,10/08/43
28999971,HERMANOS FAUNDEZ,IMPACTA,INGENIERIA,10/08/44,10/08/44
29222193,HERMANOS DIAZ,PATZ,CONSTRUCCION,10/08/45,10/08/45
29444415,JUAN Y ASOCIADOS,COMPRA ACA,DISTRIBUCION,10/08/46,10/08/46
29666637,COOP INVENTA,INVENTA,INGENIERIA,10/08/47,10/08/47
29888859,LOS MATEMATICOS,GERMINATOR,SANITARIO,10/08/48,10/08/48
30111081,HERMANOS FAUNDEZ,IMPACTA,INGENIERIA,10/08/49,10/08/49
30333303,HERMANOS DIAZ,PATZ,CONSTRUCCION,10/08/50,10/08/50
30555525,JUAN Y ASOCIADOS,COMPRA ACA,DISTRIBUCION,10/08/51,10/08/51
30777747,COOP INVENTA,INVENTA,INGENIERIA,10/08/52,10/08/52
30999969,LOS MATEMATICOS,GERMINATOR,SANITARIO,10/08/53,10/08/53
31222191,HERMANOS FAUNDEZ,IMPACTA,INGENIERIA,10/08/54,10/08/54
31444413,HERMANOS DIAZ,PATZ,CONSTRUCCION,10/08/55,10/08/55
31666635,JUAN Y ASOCIADOS,COMPRA ACA,DISTRIBUCION,10/08/56,10/08/56
31888857,COOP INVENTA,INVENTA,INGENIERIA,10/08/57,10/08/57
32111079,LOS MATEMATICOS,GERMINATOR,SANITARIO,10/08/58,10/08/58
32333301,HERMANOS FAUNDEZ,IMPACTA,INGENIERIA,10/08/59,10/08/59
32555523,HERMANOS DIAZ,PATZ,CONSTRUCCION,10/08/60,10/08/60
32777745,JUAN Y ASOCIADOS,COMPRA ACA,DISTRIBUCION,10/08/61,10/08/61
32999967,COOP INVENTA,INVENTA,INGENIERIA,10/08/62,10/08/62
33222189,LOS MATEMATICOS,GERMINATOR,SANITARIO,10/08/63,10/08/63
33444411,HERMANOS FAUNDEZ,IMPACTA,INGENIERIA,10/08/64,10/08/64
33666633,HERMANOS DIAZ,PATZ,CONSTRUCCION,10/08/65,10/08/65
33888855,JUAN Y ASOCIADOS,COMPRA ACA,DISTRIBUCION,10/08/66,10/08/66
34111077,COOP INVENTA,INVENTA,INGENIERIA,10/08/67,10/08/67
34333299,LOS MATEMATICOS,GERMINATOR,SANITARIO,10/08/68,10/08/68
34555521,HERMANOS FAUNDEZ,IMPACTA,INGENIERIA,10/08/69,10/08/69
34777743,HERMANOS DIAZ,PATZ,CONSTRUCCION,10/08/70,10/08/70
34999965,JUAN Y ASOCIADOS,COMPRA ACA,DISTRIBUCION,10/08/71,10/08/71
35222187,COOP INVENTA,INVENTA,INGENIERIA,10/08/72,10/08/72
35444409,LOS MATEMATICOS,GERMINATOR,SANITARIO,10/08/73,10/08/73
35666631,HERMANOS FAUNDEZ,IMPACTA,INGENIERIA,10/08/74,10/08/74
35888853,HERMANOS DIAZ,PATZ,CONSTRUCCION,10/08/75,10/08/75
36111075,JUAN Y ASOCIADOS,COMPRA ACA,DISTRIBUCION,10/08/76,10/08/76
36333297,COOP INVENTA,INVENTA,INGENIERIA,10/08/77,10/08/77
36555519,LOS MATEMATICOS,GERMINATOR,SANITARIO,10/08/78,10/08/78
36777741,HERMANOS FAUNDEZ,IMPACTA,INGENIERIA,10/08/79,10/08/79
36999963,HERMANOS DIAZ,PATZ,CONSTRUCCION,10/08/80,10/08/80
37222185,JUAN Y ASOCIADOS,COMPRA ACA,DISTRIBUCION,10/08/81,10/08/81
37444407,COOP INVENTA,INVENTA,INGENIERIA,10/08/82,10/08/82
37666629,LOS MATEMATICOS,GERMINATOR,SANITARIO,10/08/83,10/08/83
37888851,HERMANOS FAUNDEZ,IMPACTA,INGENIERIA,10/08/84,10/08/84
38111073,HERMANOS DIAZ,PATZ,CONSTRUCCION,10/08/85,10/08/85
38333295,JUAN Y ASOCIADOS,COMPRA ACA,DISTRIBUCION,10/08/86,10/08/86
38555517,COOP INVENTA,INVENTA,INGENIERIA,10/08/87,10/08/87
38777739,LOS MATEMATICOS,GERMINATOR,SANITARIO,10/08/88,10/08/88
38999961,HERMANOS FAUNDEZ,IMPACTA,INGENIERIA,10/08/89,10/08/89
39222183,HERMANOS DIAZ,PATZ,CONSTRUCCION,10/08/90,10/08/90
39444405,JUAN Y ASOCIADOS,COMPRA ACA,DISTRIBUCION,10/08/91,10/08/91
39666627,COOP INVENTA,INVENTA,INGENIERIA,10/08/92,10/08/92
39888849,LOS MATEMATICOS,GERMINATOR,SANITARIO,10/08/93,10/08/93
40111071,HERMANOS FAUNDEZ,IMPACTA,INGENIERIA,10/08/94,10/08/94
40333293,HERMANOS DIAZ,PATZ,CONSTRUCCION,10/08/95,10/08/95
40555515,JUAN Y ASOCIADOS,COMPRA ACA,DISTRIBUCION,10/08/96,10/08/96
40777737,COOP INVENTA,INVENTA,INGENIERIA,10/08/97,10/08/97
40999959,LOS MATEMATICOS,GERMINATOR,SANITARIO,10/08/98,10/08/98
41222181,HERMANOS FAUNDEZ,IMPACTA,INGENIERIA,10/08/99,10/08/99
41444403,HERMANOS DIAZ,PATZ,CONSTRUCCION,10/08/07,10/08/07
41666625,JUAN Y ASOCIADOS,COMPRA ACA,DISTRIBUCION,10/08/08,10/08/08
41888847,COOP INVENTA,INVENTA,INGENIERIA,10/08/09,10/08/09
42111069,LOS MATEMATICOS,GERMINATOR,SANITARIO,10/08/10,10/08/10
42333291,HERMANOS FAUNDEZ,IMPACTA,INGENIERIA,10/08/11,10/08/11
42555513,HERMANOS DIAZ,PATZ,CONSTRUCCION,10/08/12,10/08/12
42777735,JUAN Y ASOCIADOS,COMPRA ACA,DISTRIBUCION,10/08/13,10/08/13
42999957,COOP INVENTA,INVENTA,INGENIERIA,10/08/14,10/08/14
43222179,LOS MATEMATICOS,GERMINATOR,SANITARIO,10/08/15,10/08/15
43444401,HERMANOS FAUNDEZ,IMPACTA,INGENIERIA,10/08/16,10/08/16
43666623,HERMANOS DIAZ,PATZ,CONSTRUCCION,10/08/17,10/08/17
43888845,JUAN Y ASOCIADOS,COMPRA ACA,DISTRIBUCION,10/08/18,10/08/18
44111067,COOP INVENTA,INVENTA,INGENIERIA,10/08/19,10/08/19
44333289,LOS MATEMATICOS,GERMINATOR,SANITARIO,10/08/20,10/08/20
44555511,HERMANOS FAUNDEZ,IMPACTA,INGENIERIA,10/08/21,10/08/21
44777733,HERMANOS DIAZ,PATZ,CONSTRUCCION,10/08/22,10/08/22
44999955,JUAN Y ASOCIADOS,COMPRA ACA,DISTRIBUCION,10/08/23,10/08/23
45222177,COOP INVENTA,INVENTA,INGENIERIA,10/08/24,10/08/24
45444399,LOS MATEMATICOS,GERMINATOR,SANITARIO,10/08/25,10/08/25
45666621,HERMANOS FAUNDEZ,IMPACTA,INGENIERIA,10/08/26,10/08/26
45888843,HERMANOS DIAZ,PATZ,CONSTRUCCION,10/08/27,10/08/27
46111065,JUAN Y ASOCIADOS,COMPRA ACA,DISTRIBUCION,10/08/28,10/08/28
46333287,COOP INVENTA,INVENTA,INGENIERIA,10/08/29,10/08/29
46555509,LOS MATEMATICOS,GERMINATOR,SANITARIO,10/08/30,10/08/30
46777731,HERMANOS FAUNDEZ,IMPACTA,INGENIERIA,10/08/31,10/08/31
46999953,HERMANOS DIAZ,PATZ,CONSTRUCCION,10/08/32,10/08/32
47222175,JUAN Y ASOCIADOS,COMPRA ACA,DISTRIBUCION,10/08/33,10/08/33
47444397,COOP INVENTA,INVENTA,INGENIERIA,10/08/34,10/08/34
47666619,LOS MATEMATICOS,GERMINATOR,SANITARIO,10/08/35,10/08/35
47888841,HERMANOS FAUNDEZ,IMPACTA,INGENIERIA,10/08/36,10/08/36
48111063,HERMANOS DIAZ,PATZ,CONSTRUCCION,10/08/37,10/08/37
48333285,JUAN Y ASOCIADOS,COMPRA ACA,DISTRIBUCION,10/08/38,10/08/38
48555507,COOP INVENTA,INVENTA,INGENIERIA,10/08/39,10/08/39
48777729,LOS MATEMATICOS,GERMINATOR,SANITARIO,10/08/40,10/08/40
48999951,HERMANOS FAUNDEZ,IMPACTA,INGENIERIA,10/08/41,10/08/41
49222173,HERMANOS DIAZ,PATZ,CONSTRUCCION,10/08/42,10/08/42
49444395,JUAN Y ASOCIADOS,COMPRA ACA,DISTRIBUCION,10/08/43,10/08/43
49666617,COOP INVENTA,INVENTA,INGENIERIA,10/08/44,10/08/44
49888839,LOS MATEMATICOS,GERMINATOR,SANITARIO,10/08/45,10/08/45
50111061,HERMANOS FAUNDEZ,IMPACTA,INGENIERIA,10/08/46,10/08/46
50333283,HERMANOS DIAZ,PATZ,CONSTRUCCION,10/08/47,10/08/47
50555505,JUAN Y ASOCIADOS,COMPRA ACA,DISTRIBUCION,10/08/48,10/08/48
50777727,COOP INVENTA,INVENTA,INGENIERIA,10/08/49,10/08/49
50999949,LOS MATEMATICOS,GERMINATOR,SANITARIO,10/08/50,10/08/50
51222171,HERMANOS FAUNDEZ,IMPACTA,INGENIERIA,10/08/51,10/08/51
51444393,HERMANOS DIAZ,PATZ,CONSTRUCCION,10/08/52,10/08/52
51666615,JUAN Y ASOCIADOS,COMPRA ACA,DISTRIBUCION,10/08/53,10/08/53
51888837,COOP INVENTA,INVENTA,INGENIERIA,10/08/54,10/08/54
52111059,LOS MATEMATICOS,GERMINATOR,SANITARIO,10/08/55,10/08/55
52333281,HERMANOS FAUNDEZ,IMPACTA,INGENIERIA,10/08/56,10/08/56
52555503,HERMANOS DIAZ,PATZ,CONSTRUCCION,10/08/57,10/08/57
52777725,JUAN Y ASOCIADOS,COMPRA ACA,DISTRIBUCION,10/08/58,10/08/58
52999947,COOP INVENTA,INVENTA,INGENIERIA,10/08/59,10/08/59
53222169,LOS MATEMATICOS,GERMINATOR,SANITARIO,10/08/60,10/08/60
53444391,HERMANOS FAUNDEZ,IMPACTA,INGENIERIA,10/08/61,10/08/61
53666613,HERMANOS DIAZ,PATZ,CONSTRUCCION,10/08/62,10/08/62
53888835,JUAN Y ASOCIADOS,COMPRA ACA,DISTRIBUCION,10/08/63,10/08/63
54111057,COOP INVENTA,INVENTA,INGENIERIA,10/08/64,10/08/64
54333279,LOS MATEMATICOS,GERMINATOR,SANITARIO,10/08/65,10/08/65
54555501,HERMANOS FAUNDEZ,IMPACTA,INGENIERIA,10/08/66,10/08/66
54777723,HERMANOS DIAZ,PATZ,CONSTRUCCION,10/08/67,10/08/67
54999945,JUAN Y ASOCIADOS,COMPRA ACA,DISTRIBUCION,10/08/68,10/08/68
55222167,COOP INVENTA,INVENTA,INGENIERIA,10/08/69,10/08/69
55444389,LOS MATEMATICOS,GERMINATOR,SANITARIO,10/08/70,10/08/70
55666611,HERMANOS FAUNDEZ,IMPACTA,INGENIERIA,10/08/71,10/08/71
55888833,HERMANOS DIAZ,PATZ,CONSTRUCCION,10/08/72,10/08/72
56111055,JUAN Y ASOCIADOS,COMPRA ACA,DISTRIBUCION,10/08/73,10/08/73
56333277,COOP INVENTA,INVENTA,INGENIERIA,10/08/74,10/08/74
56555499,LOS MATEMATICOS,GERMINATOR,SANITARIO,10/08/75,10/08/75
56777721,HERMANOS FAUNDEZ,IMPACTA,INGENIERIA,10/08/76,10/08/76
56999943,HERMANOS DIAZ,PATZ,CONSTRUCCION,10/08/77,10/08/77
57222165,JUAN Y ASOCIADOS,COMPRA ACA,DISTRIBUCION,10/08/78,10/08/78
57444387,COOP INVENTA,INVENTA,INGENIERIA,10/08/79,10/08/79
57666609,LOS MATEMATICOS,GERMINATOR,SANITARIO,10/08/80,10/08/80
57888831,HERMANOS FAUNDEZ,IMPACTA,INGENIERIA,10/08/81,10/08/81
58111053,HERMANOS DIAZ,PATZ,CONSTRUCCION,10/08/82,10/08/82
58333275,JUAN Y ASOCIADOS,COMPRA ACA,DISTRIBUCION,10/08/83,10/08/83
58555497,COOP INVENTA,INVENTA,INGENIERIA,10/08/84,10/08/84
58777719,LOS MATEMATICOS,GERMINATOR,SANITARIO,10/08/85,10/08/85
58999941,HERMANOS FAUNDEZ,IMPACTA,INGENIERIA,10/08/86,10/08/86
59222163,HERMANOS DIAZ,PATZ,CONSTRUCCION,10/08/87,10/08/87
59444385,JUAN Y ASOCIADOS,COMPRA ACA,DISTRIBUCION,10/08/88,10/08/88
59666607,COOP INVENTA,INVENTA,INGENIERIA,10/08/89,10/08/89
59888829,LOS MATEMATICOS,GERMINATOR,SANITARIO,10/08/90,10/08/90
60111051,HERMANOS FAUNDEZ,IMPACTA,INGENIERIA,10/08/91,10/08/91
60333273,HERMANOS DIAZ,PATZ,CONSTRUCCION,10/08/92,10/08/92
60555495,JUAN Y ASOCIADOS,COMPRA ACA,DISTRIBUCION,10/08/93,10/08/93
60777717,COOP INVENTA,INVENTA,INGENIERIA,10/08/94,10/08/94
60999939,LOS MATEMATICOS,GERMINATOR,SANITARIO,10/08/95,10/08/95
61222161,HERMANOS FAUNDEZ,IMPACTA,INGENIERIA,10/08/96,10/08/96
61444383,HERMANOS DIAZ,PATZ,CONSTRUCCION,10/08/97,10/08/97
61666605,JUAN Y ASOCIADOS,COMPRA ACA,DISTRIBUCION,10/08/98,10/08/98
61888827,COOP INVENTA,INVENTA,INGENIERIA,10/08/99,10/08/99
62111049,LOS MATEMATICOS,GERMINATOR,SANITARIO,10/08/07,10/08/07
62333271,HERMANOS FAUNDEZ,IMPACTA,INGENIERIA,10/08/08,10/08/08
62555493,HERMANOS DIAZ,PATZ,CONSTRUCCION,10/08/09,10/08/09
62777715,JUAN Y ASOCIADOS,COMPRA ACA,DISTRIBUCION,10/08/10,10/08/10
62999937,COOP INVENTA,INVENTA,INGENIERIA,10/08/11,10/08/11
63222159,LOS MATEMATICOS,GERMINATOR,SANITARIO,10/08/12,10/08/12
63444381,HERMANOS FAUNDEZ,IMPACTA,INGENIERIA,10/08/13,10/08/13
63666603,HERMANOS DIAZ,PATZ,CONSTRUCCION,10/08/14,10/08/14
63888825,JUAN Y ASOCIADOS,COMPRA ACA,DISTRIBUCION,10/08/15,10/08/15
64111047,COOP INVENTA,INVENTA,INGENIERIA,10/08/16,10/08/16
64333269,LOS MATEMATICOS,GERMINATOR,SANITARIO,10/08/17,10/08/17
64555491,HERMANOS FAUNDEZ,IMPACTA,INGENIERIA,10/08/18,10/08/18
64777713,HERMANOS DIAZ,PATZ,CONSTRUCCION,10/08/19,10/08/19
64999935,JUAN Y ASOCIADOS,COMPRA ACA,DISTRIBUCION,10/08/20,10/08/20
65222157,COOP INVENTA,INVENTA,INGENIERIA,10/08/21,10/08/21
65444379,LOS MATEMATICOS,GERMINATOR,SANITARIO,10/08/22,10/08/22
65666601,HERMANOS FAUNDEZ,IMPACTA,INGENIERIA,10/08/23,10/08/23
65888823,HERMANOS DIAZ,PATZ,CONSTRUCCION,10/08/24,10/08/24
66111045,JUAN Y ASOCIADOS,COMPRA ACA,DISTRIBUCION,10/08/25,10/08/25
66333267,COOP INVENTA,INVENTA,INGENIERIA,10/08/26,10/08/26
66555489,LOS MATEMATICOS,GERMINATOR,SANITARIO,10/08/27,10/08/27
66777711,HERMANOS FAUNDEZ,IMPACTA,INGENIERIA,10/08/28,10/08/28
66999933,HERMANOS DIAZ,PATZ,CONSTRUCCION,10/08/29,10/08/29
67222155,JUAN Y ASOCIADOS,COMPRA ACA,DISTRIBUCION,10/08/30,10/08/30
67444377,COOP INVENTA,INVENTA,INGENIERIA,10/08/31,10/08/31
67666599,LOS MATEMATICOS,GERMINATOR,SANITARIO,10/08/32,10/08/32
67888821,HERMANOS FAUNDEZ,IMPACTA,INGENIERIA,10/08/33,10/08/33
68111043,HERMANOS DIAZ,PATZ,CONSTRUCCION,10/08/34,10/08/34
68333265,JUAN Y ASOCIADOS,COMPRA ACA,DISTRIBUCION,10/08/35,10/08/35
68555487,COOP INVENTA,INVENTA,INGENIERIA,10/08/36,10/08/36
68777709,LOS MATEMATICOS,GERMINATOR,SANITARIO,10/08/37,10/08/37
68999931,HERMANOS FAUNDEZ,IMPACTA,INGENIERIA,10/08/38,10/08/38
69222153,HERMANOS DIAZ,PATZ,CONSTRUCCION,10/08/39,10/08/39
69444375,JUAN Y ASOCIADOS,COMPRA ACA,DISTRIBUCION,10/08/40,10/08/40
69666597,COOP INVENTA,INVENTA,INGENIERIA,10/08/41,10/08/41
69888819,LOS MATEMATICOS,GERMINATOR,SANITARIO,10/08/42,10/08/42
70111041,HERMANOS FAUNDEZ,IMPACTA,INGENIERIA,10/08/43,10/08/43
70333263,HERMANOS DIAZ,PATZ,CONSTRUCCION,10/08/44,10/08/44
70555485,JUAN Y ASOCIADOS,COMPRA ACA,DISTRIBUCION,10/08/45,10/08/45
70777707,COOP INVENTA,INVENTA,INGENIERIA,10/08/46,10/08/46
70999929,LOS MATEMATICOS,GERMINATOR,SANITARIO,10/08/47,10/08/47
71222151,HERMANOS FAUNDEZ,IMPACTA,INGENIERIA,10/08/48,10/08/48
71444373,HERMANOS DIAZ,PATZ,CONSTRUCCION,10/08/49,10/08/49
71666595,JUAN Y ASOCIADOS,COMPRA ACA,DISTRIBUCION,10/08/50,10/08/50
71888817,COOP INVENTA,INVENTA,INGENIERIA,10/08/51,10/08/51
72111039,LOS MATEMATICOS,GERMINATOR,SANITARIO,10/08/52,10/08/52
72333261,HERMANOS FAUNDEZ,IMPACTA,INGENIERIA,10/08/53,10/08/53
72555483,HERMANOS DIAZ,PATZ,CONSTRUCCION,10/08/54,10/08/54
72777705,JUAN Y ASOCIADOS,COMPRA ACA,DISTRIBUCION,10/08/55,10/08/55
72999927,COOP INVENTA,INVENTA,INGENIERIA,10/08/56,10/08/56
73222149,LOS MATEMATICOS,GERMINATOR,SANITARIO,10/08/57,10/08/57
73444371,HERMANOS FAUNDEZ,IMPACTA,INGENIERIA,10/08/58,10/08/58
73666593,HERMANOS DIAZ,PATZ,CONSTRUCCION,10/08/59,10/08/59
73888815,JUAN Y ASOCIADOS,COMPRA ACA,DISTRIBUCION,10/08/60,10/08/60
74111037,COOP INVENTA,INVENTA,INGENIERIA,10/08/61,10/08/61
74333259,LOS MATEMATICOS,GERMINATOR,SANITARIO,10/08/62,10/08/62
74555481,HERMANOS FAUNDEZ,IMPACTA,INGENIERIA,10/08/63,10/08/63
74777703,HERMANOS DIAZ,PATZ,CONSTRUCCION,10/08/64,10/08/64
74999925,JUAN Y ASOCIADOS,COMPRA ACA,DISTRIBUCION,10/08/65,10/08/65
75222147,COOP INVENTA,INVENTA,INGENIERIA,10/08/66,10/08/66
75444369,LOS MATEMATICOS,GERMINATOR,SANITARIO,10/08/67,10/08/67
75666591,HERMANOS FAUNDEZ,IMPACTA,INGENIERIA,10/08/68,10/08/68
75888813,HERMANOS DIAZ,PATZ,CONSTRUCCION,10/08/69,10/08/69
76111035,JUAN Y ASOCIADOS,COMPRA ACA,DISTRIBUCION,10/08/70,10/08/70
76333257,COOP INVENTA,INVENTA,INGENIERIA,10/08/71,10/08/71
76555479,LOS MATEMATICOS,GERMINATOR,SANITARIO,10/08/72,10/08/72
76777701,HERMANOS FAUNDEZ,IMPACTA,INGENIERIA,10/08/73,10/08/73
76999923,HERMANOS DIAZ,PATZ,CONSTRUCCION,10/08/74,10/08/74
77222145,JUAN Y ASOCIADOS,COMPRA ACA,DISTRIBUCION,10/08/75,10/08/75
77444367,COOP INVENTA,INVENTA,INGENIERIA,10/08/76,10/08/76
77666589,LOS MATEMATICOS,GERMINATOR,SANITARIO,10/08/77,10/08/77
77888811,HERMANOS FAUNDEZ,IMPACTA,INGENIERIA,10/08/78,10/08/78
78111033,HERMANOS DIAZ,PATZ,CONSTRUCCION,10/08/79,10/08/79
78333255,JUAN Y ASOCIADOS,COMPRA ACA,DISTRIBUCION,10/08/80,10/08/80
78555477,COOP INVENTA,INVENTA,INGENIERIA,10/08/81,10/08/81
78777699,LOS MATEMATICOS,GERMINATOR,SANITARIO,10/08/82,10/08/82
78999921,HERMANOS FAUNDEZ,IMPACTA,INGENIERIA,10/08/83,10/08/83
79222143,HERMANOS DIAZ,PATZ,CONSTRUCCION,10/08/84,10/08/84
79444365,JUAN Y ASOCIADOS,COMPRA ACA,DISTRIBUCION,10/08/85,10/08/85
79666587,COOP INVENTA,INVENTA,INGENIERIA,10/08/86,10/08/86
79888809,LOS MATEMATICOS,GERMINATOR,SANITARIO,10/08/87,10/08/87
80111031,HERMANOS FAUNDEZ,IMPACTA,INGENIERIA,10/08/88,10/08/88
80333253,HERMANOS DIAZ,PATZ,CONSTRUCCION,10/08/89,10/08/89
80555475,JUAN Y ASOCIADOS,COMPRA ACA,DISTRIBUCION,10/08/90,10/08/90
80777697,COOP INVENTA,INVENTA,INGENIERIA,10/08/91,10/08/91
80999919,LOS MATEMATICOS,GERMINATOR,SANITARIO,10/08/92,10/08/92
81222141,HERMANOS FAUNDEZ,IMPACTA,INGENIERIA,10/08/93,10/08/93
81444363,HERMANOS DIAZ,PATZ,CONSTRUCCION,10/08/94,10/08/94
81666585,JUAN Y ASOCIADOS,COMPRA ACA,DISTRIBUCION,10/08/95,10/08/95
81888807,COOP INVENTA,INVENTA,INGENIERIA,10/08/96,10/08/96
82111029,LOS MATEMATICOS,GERMINATOR,SANITARIO,10/08/97,10/08/97
82333251,HERMANOS FAUNDEZ,IMPACTA,INGENIERIA,10/08/98,10/08/98
82555473,HERMANOS DIAZ,PATZ,CONSTRUCCION,10/08/99,10/08/99
82777695,JUAN Y ASOCIADOS,COMPRA ACA,DISTRIBUCION,10/08/07,10/08/07
82999917,COOP INVENTA,INVENTA,INGENIERIA,10/08/08,10/08/08
83222139,LOS MATEMATICOS,GERMINATOR,SANITARIO,10/08/09,10/08/09
83444361,HERMANOS FAUNDEZ,IMPACTA,INGENIERIA,10/08/10,10/08/10
83666583,HERMANOS DIAZ,PATZ,CONSTRUCCION,10/08/11,10/08/11
83888805,JUAN Y ASOCIADOS,COMPRA ACA,DISTRIBUCION,10/08/12,10/08/12
84111027,COOP INVENTA,INVENTA,INGENIERIA,10/08/13,10/08/13
84333249,LOS MATEMATICOS,GERMINATOR,SANITARIO,10/08/14,10/08/14
84555471,HERMANOS FAUNDEZ,IMPACTA,INGENIERIA,10/08/15,10/08/15
84777693,HERMANOS DIAZ,PATZ,CONSTRUCCION,10/08/16,10/08/16
84999915,JUAN Y ASOCIADOS,COMPRA ACA,DISTRIBUCION,10/08/17,10/08/17
85222137,COOP INVENTA,INVENTA,INGENIERIA,10/08/18,10/08/18
85444359,LOS MATEMATICOS,GERMINATOR,SANITARIO,10/08/19,10/08/19
85666581,HERMANOS FAUNDEZ,IMPACTA,INGENIERIA,10/08/20,10/08/20
85888803,HERMANOS DIAZ,PATZ,CONSTRUCCION,10/08/21,10/08/21
86111025,JUAN Y ASOCIADOS,COMPRA ACA,DISTRIBUCION,10/08/22,10/08/22
86333247,COOP INVENTA,INVENTA,INGENIERIA,10/08/23,10/08/23
86555469,LOS MATEMATICOS,GERMINATOR,SANITARIO,10/08/24,10/08/24
86777691,HERMANOS FAUNDEZ,IMPACTA,INGENIERIA,10/08/25,10/08/25
86999913,HERMANOS DIAZ,PATZ,CONSTRUCCION,10/08/26,10/08/26
87222135,JUAN Y ASOCIADOS,COMPRA ACA,DISTRIBUCION,10/08/27,10/08/27
87444357,COOP INVENTA,INVENTA,INGENIERIA,10/08/28,10/08/28
87666579,LOS MATEMATICOS,GERMINATOR,SANITARIO,10/08/29,10/08/29
87888801,HERMANOS FAUNDEZ,IMPACTA,INGENIERIA,10/08/30,10/08/30
88111023,HERMANOS DIAZ,PATZ,CONSTRUCCION,10/08/31,10/08/31
88333245,JUAN Y ASOCIADOS,COMPRA ACA,DISTRIBUCION,10/08/32,10/08/32
88555467,COOP INVENTA,INVENTA,INGENIERIA,10/08/33,10/08/33
88777689,LOS MATEMATICOS,GERMINATOR,SANITARIO,10/08/34,10/08/34
88999911,HERMANOS FAUNDEZ,IMPACTA,INGENIERIA,10/08/35,10/08/35
89222133,HERMANOS DIAZ,PATZ,CONSTRUCCION,10/08/36,10/08/36
89444355,JUAN Y ASOCIADOS,COMPRA ACA,DISTRIBUCION,10/08/37,10/08/37
89666577,COOP INVENTA,INVENTA,INGENIERIA,10/08/38,10/08/38
89888799,LOS MATEMATICOS,GERMINATOR,SANITARIO,10/08/39,10/08/39
90111021,HERMANOS FAUNDEZ,IMPACTA,INGENIERIA,10/08/40,10/08/40
90333243,HERMANOS DIAZ,PATZ,CONSTRUCCION,10/08/41,10/08/41
90555465,JUAN Y ASOCIADOS,COMPRA ACA,DISTRIBUCION,10/08/42,10/08/42
90777687,COOP INVENTA,INVENTA,INGENIERIA,10/08/43,10/08/43
90999909,LOS MATEMATICOS,GERMINATOR,SANITARIO,10/08/44,10/08/44
91222131,HERMANOS FAUNDEZ,IMPACTA,INGENIERIA,10/08/45,10/08/45
91444353,HERMANOS DIAZ,PATZ,CONSTRUCCION,10/08/46,10/08/46
91666575,JUAN Y ASOCIADOS,COMPRA ACA,DISTRIBUCION,10/08/47,10/08/47
91888797,COOP INVENTA,INVENTA,INGENIERIA,10/08/48,10/08/48
92111019,LOS MATEMATICOS,GERMINATOR,SANITARIO,10/08/49,10/08/49
92333241,HERMANOS FAUNDEZ,IMPACTA,INGENIERIA,10/08/50,10/08/50
92555463,HERMANOS DIAZ,PATZ,CONSTRUCCION,10/08/51,10/08/51
92777685,JUAN Y ASOCIADOS,COMPRA ACA,DISTRIBUCION,10/08/52,10/08/52
92999907,COOP INVENTA,INVENTA,INGENIERIA,10/08/53,10/08/53
93222129,LOS MATEMATICOS,GERMINATOR,SANITARIO,10/08/54,10/08/54
93444351,HERMANOS FAUNDEZ,IMPACTA,INGENIERIA,10/08/55,10/08/55
93666573,HERMANOS DIAZ,PATZ,CONSTRUCCION,10/08/56,10/08/56
93888795,JUAN Y ASOCIADOS,COMPRA ACA,DISTRIBUCION,10/08/57,10/08/57
94111017,COOP INVENTA,INVENTA,INGENIERIA,10/08/58,10/08/58
94333239,LOS MATEMATICOS,GERMINATOR,SANITARIO,10/08/59,10/08/59
94555461,HERMANOS FAUNDEZ,IMPACTA,INGENIERIA,10/08/60,10/08/60
94777683,HERMANOS DIAZ,PATZ,CONSTRUCCION,10/08/61,10/08/61
94999905,JUAN Y ASOCIADOS,COMPRA ACA,DISTRIBUCION,10/08/62,10/08/62
95222127,COOP INVENTA,INVENTA,INGENIERIA,10/08/63,10/08/63
95444349,LOS MATEMATICOS,GERMINATOR,SANITARIO,10/08/64,10/08/64
95666571,HERMANOS FAUNDEZ,IMPACTA,INGENIERIA,10/08/65,10/08/65
95888793,HERMANOS DIAZ,PATZ,CONSTRUCCION,10/08/66,10/08/66
96111015,JUAN Y ASOCIADOS,COMPRA ACA,DISTRIBUCION,10/08/67,10/08/67
96333237,COOP INVENTA,INVENTA,INGENIERIA,10/08/68,10/08/68
96555459,LOS MATEMATICOS,GERMINATOR,SANITARIO,10/08/69,10/08/69
96777681,HERMANOS FAUNDEZ,IMPACTA,INGENIERIA,10/08/70,10/08/70
96999903,HERMANOS DIAZ,PATZ,CONSTRUCCION,10/08/71,10/08/71
97222125,JUAN Y ASOCIADOS,COMPRA ACA,DISTRIBUCION,10/08/72,10/08/72
97444347,COOP INVENTA,INVENTA,INGENIERIA,10/08/73,10/08/73
97666569,LOS MATEMATICOS,GERMINATOR,SANITARIO,10/08/74,10/08/74
97888791,HERMANOS FAUNDEZ,IMPACTA,INGENIERIA,10/08/75,10/08/75
98111013,HERMANOS DIAZ,PATZ,CONSTRUCCION,10/08/76,10/08/76
98333235,JUAN Y ASOCIADOS,COMPRA ACA,DISTRIBUCION,10/08/77,10/08/77
98555457,COOP INVENTA,INVENTA,INGENIERIA,10/08/78,10/08/78
98777679,LOS MATEMATICOS,GERMINATOR,SANITARIO,10/08/79,10/08/79
98999901,HERMANOS FAUNDEZ,IMPACTA,INGENIERIA,10/08/80,10/08/80
99222123,HERMANOS DIAZ,PATZ,CONSTRUCCION,10/08/81,10/08/81
99444345,JUAN Y ASOCIADOS,COMPRA ACA,DISTRIBUCION,10/08/82,10/08/82
99666567,COOP INVENTA,INVENTA,INGENIERIA,10/08/83,10/08/83
99888789,LOS MATEMATICOS,GERMINATOR,SANITARIO,10/08/84,10/08/84
100111011,HERMANOS FAUNDEZ,IMPACTA,INGENIERIA,10/08/85,10/08/85
100333233,HERMANOS DIAZ,PATZ,CONSTRUCCION,10/08/86,10/08/86
100555455,JUAN Y ASOCIADOS,COMPRA ACA,DISTRIBUCION,10/08/87,10/08/87
100777677,COOP INVENTA,INVENTA,INGENIERIA,10/08/88,10/08/88
100999899,LOS MATEMATICOS,GERMINATOR,SANITARIO,10/08/89,10/08/89
101222121,HERMANOS FAUNDEZ,IMPACTA,INGENIERIA,10/08/90,10/08/90
101444343,HERMANOS DIAZ,PATZ,CONSTRUCCION,10/08/91,10/08/91
101666565,JUAN Y ASOCIADOS,COMPRA ACA,DISTRIBUCION,10/08/92,10/08/92
101888787,COOP INVENTA,INVENTA,INGENIERIA,10/08/93,10/08/93
102111009,LOS MATEMATICOS,GERMINATOR,SANITARIO,10/08/94,10/08/94
102333231,HERMANOS FAUNDEZ,IMPACTA,INGENIERIA,10/08/95,10/08/95
102555453,HERMANOS DIAZ,PATZ,CONSTRUCCION,10/08/96,10/08/96
102777675,JUAN Y ASOCIADOS,COMPRA ACA,DISTRIBUCION,10/08/97,10/08/97
102999897,COOP INVENTA,INVENTA,INGENIERIA,10/08/98,10/08/98
103222119,LOS MATEMATICOS,GERMINATOR,SANITARIO,10/08/99,10/08/99
103444341,HERMANOS FAUNDEZ,IMPACTA,INGENIERIA,10/08/07,10/08/07
103666563,HERMANOS DIAZ,PATZ,CONSTRUCCION,10/08/08,10/08/08
103888785,JUAN Y ASOCIADOS,COMPRA ACA,DISTRIBUCION,10/08/09,10/08/09
104111007,COOP INVENTA,INVENTA,INGENIERIA,10/08/10,10/08/10
104333229,LOS MATEMATICOS,GERMINATOR,SANITARIO,10/08/11,10/08/11
104555451,HERMANOS FAUNDEZ,IMPACTA,INGENIERIA,10/08/12,10/08/12
104777673,HERMANOS DIAZ,PATZ,CONSTRUCCION,10/08/13,10/08/13
104999895,JUAN Y ASOCIADOS,COMPRA ACA,DISTRIBUCION,10/08/14,10/08/14
105222117,COOP INVENTA,INVENTA,INGENIERIA,10/08/15,10/08/15
105444339,LOS MATEMATICOS,GERMINATOR,SANITARIO,10/08/16,10/08/16
105666561,HERMANOS FAUNDEZ,IMPACTA,INGENIERIA,10/08/17,10/08/17
105888783,HERMANOS DIAZ,PATZ,CONSTRUCCION,10/08/18,10/08/18
106111005,JUAN Y ASOCIADOS,COMPRA ACA,DISTRIBUCION,10/08/19,10/08/19
106333227,COOP INVENTA,INVENTA,INGENIERIA,10/08/20,10/08/20
106555449,LOS MATEMATICOS,GERMINATOR,SANITARIO,10/08/21,10/08/21
106777671,HERMANOS FAUNDEZ,IMPACTA,INGENIERIA,10/08/22,10/08/22
106999893,HERMANOS DIAZ,PATZ,CONSTRUCCION,10/08/23,10/08/23
107222115,JUAN Y ASOCIADOS,COMPRA ACA,DISTRIBUCION,10/08/24,10/08/24
107444337,COOP INVENTA,INVENTA,INGENIERIA,10/08/25,10/08/25
107666559,LOS MATEMATICOS,GERMINATOR,SANITARIO,10/08/26,10/08/26
107888781,HERMANOS FAUNDEZ,IMPACTA,INGENIERIA,10/08/27,10/08/27
108111003,HERMANOS DIAZ,PATZ,CONSTRUCCION,10/08/28,10/08/28
108333225,JUAN Y ASOCIADOS,COMPRA ACA,DISTRIBUCION,10/08/29,10/08/29
108555447,COOP INVENTA,INVENTA,INGENIERIA,10/08/30,10/08/30
108777669,LOS MATEMATICOS,GERMINATOR,SANITARIO,10/08/31,10/08/31
108999891,HERMANOS FAUNDEZ,IMPACTA,INGENIERIA,10/08/32,10/08/32
109222113,HERMANOS DIAZ,PATZ,CONSTRUCCION,10/08/33,10/08/33
109444335,JUAN Y ASOCIADOS,COMPRA ACA,DISTRIBUCION,10/08/34,10/08/34
109666557,COOP INVENTA,INVENTA,INGENIERIA,10/08/35,10/08/35
109888779,LOS MATEMATICOS,GERMINATOR,SANITARIO,10/08/36,10/08/36
110111001,HERMANOS FAUNDEZ,IMPACTA,INGENIERIA,10/08/37,10/08/37
110333223,HERMANOS DIAZ,PATZ,CONSTRUCCION,10/08/38,10/08/38
110555445,JUAN Y ASOCIADOS,COMPRA ACA,DISTRIBUCION,10/08/39,10/08/39
110777667,COOP INVENTA,INVENTA,INGENIERIA,10/08/40,10/08/40
110777668,LOS MATEMATICOS,GERMINATOR,SANITARIO,10/08/07,10/08/07
